{
"images": ["assets/gameSprites.png"],
"frames": [

    [2, 2, 118, 118], 
    [122, 2, 118, 118], 
    [242, 2, 118, 118], 
    [362, 2, 118, 118], 
    [482, 2, 118, 118], 
    [602, 2, 118, 118], 
    [722, 2, 118, 118], 
    [842, 2, 118, 118], 
    [962, 2, 118, 118]
],
"animations": {
    
        "asteroid1":[0], 
        "asteroid2":[1], 
        "asteroid3":[2], 
        "asteroid4":[3],
        "explosion":{"frames":[4,5,6,7,8]},
        "explosion1":[4], 
        "explosion2":[5], 
        "explosion3":[6], 
        "explosion4":[7], 
        "explosion5":[8]
},
"texturepacker": [
        "SmartUpdateHash: $TexturePacker:SmartUpdate:f6a7b7f45541eec44bf31fcf0bc19b93$",
        "Created with TexturePacker (http://www.texturepacker.com) for EasalJS"
]
}
