{
"images": ["frankala.png"],
"frames": [

    [2, 2, 903, 331], 
    [826, 409, 59, 51], 
    [356, 335, 117, 150], 
    [588, 335, 117, 133], 
    [707, 335, 117, 124], 
    [2, 335, 118, 170], 
    [239, 335, 115, 152], 
    [122, 335, 115, 142], 
    [475, 335, 111, 146], 
    [826, 335, 75, 72], 
    [142, 479, 16, 25], 
    [122, 482, 18, 22], 
    [160, 482, 18, 19], 
    [180, 482, 23, 18], 
    [907, 242, 127, 238], 
    [907, 2, 127, 238]
],
"animations": {
    
        "board":[0], 
        "bubble":[1], 
        "chooseCPU1":[2], 
        "chooseCPU2":[3], 
        "chooseCPU3":[4], 
        "cpu1":[5], 
        "cpu2":[6], 
        "cpu3":[7], 
        "frank":[8], 
        "scoreBrick":[9], 
        "stone_0":[10], 
        "stone_1":[11], 
        "stone_2":[12], 
        "stone_3":[13], 
        "window":[14], 
        "windowOn":[15]
}
}
