{
"images": ["assets/abc.png"],
"frames": [

    [113, 188, 10, 42], 
    [66, 2, 26, 42], 
    [103, 287, 15, 22], 
    [18, 276, 20, 42], 
    [101, 276, 20, 9], 
    [2, 323, 20, 42], 
    [114, 311, 9, 42], 
    [90, 232, 20, 42], 
    [68, 222, 20, 42], 
    [98, 100, 22, 42], 
    [46, 222, 20, 42], 
    [24, 222, 20, 42], 
    [66, 320, 18, 42], 
    [2, 222, 20, 42], 
    [91, 188, 20, 42], 
    [2, 276, 14, 45], 
    [69, 178, 20, 42], 
    [94, 2, 25, 42], 
    [77, 46, 23, 42], 
    [74, 90, 22, 42], 
    [61, 276, 19, 42], 
    [2, 178, 21, 42], 
    [45, 320, 19, 42], 
    [40, 276, 19, 42], 
    [50, 90, 22, 42], 
    [94, 144, 21, 42], 
    [103, 311, 9, 42], 
    [86, 320, 15, 42], 
    [71, 134, 21, 42], 
    [82, 276, 17, 42], 
    [34, 2, 30, 42], 
    [48, 134, 21, 42], 
    [26, 90, 22, 42], 
    [25, 134, 21, 42], 
    [102, 46, 21, 52], 
    [2, 90, 22, 42], 
    [24, 320, 19, 42], 
    [47, 178, 20, 42], 
    [2, 134, 21, 42], 
    [52, 46, 23, 42], 
    [2, 2, 30, 42], 
    [27, 46, 23, 42], 
    [2, 46, 23, 42], 
    [25, 178, 20, 42], 
    [112, 232, 9, 42]
],
"animations": {
    
        "!":[0], 
        "%":[1], 
        "*":[2], 
        "+":[3], 
        "-":[4], 
        "0":[5], 
        "1":[6], 
        "2":[7], 
        "3":[8], 
        "4":[9], 
        "5":[10], 
        "6":[11], 
        "7":[12], 
        "8":[13], 
        "9":[14], 
        ":":[15], 
        "=":[16], 
        "@":[17], 
        "A":[18], 
        "B":[19], 
        "C":[20], 
        "D":[21], 
        "E":[22], 
        "F":[23], 
        "G":[24], 
        "H":[25], 
        "I":[26], 
        "J":[27], 
        "K":[28], 
        "L":[29], 
        "M":[30], 
        "N":[31], 
        "O":[32], 
        "P":[33], 
        "Q":[34], 
        "R":[35], 
        "S":[36], 
        "T":[37], 
        "U":[38], 
        "V":[39], 
        "W":[40], 
        "X":[41], 
        "Y":[42], 
        "Z":[43], 
        "_":[44]
},
"texturepacker": [
        "SmartUpdateHash: $TexturePacker:SmartUpdate:c92f0fadf9170e1d4d2268cd437176c2$",
        "Created with TexturePacker (http://www.texturepacker.com) for EasalJS"
]
}
